"1,افا"
"1,هذي"
"1,اخرتها"
"1,نردد"
"1,نشيد"
"1,الاتحاد"
"1,؟"
"1,طول"
"1,عمرنا"
"1,نهايط"
"1,ونقول"
"1,الهلال"
"1,مايهمه"
"1,أحد"
"1,وفوق"
"1,الجميع"
"1,والحين"
"1,ندور"
"1,الفزعة"
"1,من"
"1,فريق"
"2,إلهي"
"2,إليك"
"2,المشتكى"
"2,اشكو"
"2,لك"
"2,ضعفي"
"2,وقلة"
"2,حيلتي"
"3,وصرت"
"3,خاايف"
"3,لاتجيني"
"3,لحظه"
"3,يذبل"
"3,فيها"
"3,قلبي"
"4,بس"
"4,انا"
"4,بحبها"
"5,في"
"5,محاضرة"
"5,انشاء"
"5,رسمة"
"5,ليا"
"5,ساعة"
"5,نخربش"
"5,فيها"
"5,مابتش"
"5,تجي"
"5,درت"
"5,بقياسات"
"5,درت"
"5,سكتش"
"5,بيدي"
"5,ماصار"
"5,شي"
"5,وحتتسلم"
"5,نهاية"
"5,المحاضرة"
"6,حلييل"
"6,ايام"
"6,كتمة"
"6,العربي"
"6,و"
"6,الجري"
"6,في"
"6,الزقاقات"
"7,ا"
"7,ا"
"7,،"
"7,عندما"
"7,تكون"
"7,الصورة"
"7,أبلغ"
"7,من"
"7,كل"
"7,أبجديات"
"7,اللغة"
"7,السلام"
"7,لروحك"
"7,ميسرة"
"7,،"
"7,والصبر"
"7,لقلب"
"7,أمك"
"7,المسكينة"
"7,،"
"8,إنما"
"8,الدنيا"
"8,شقاء"
"8,وهم"
"8,فكم"
"8,نسعى"
"8,لها"
"8,وكم"
"8,وكم"
"8,فكل"
"8,الحياة"
"8,شقاء"
"8,بسم"
"8,تسقيك"
"8,كاس"
"8,العنا"
"8,وألم"
"8,صباح"
"8,الخير"
"9,الفديو"
"9,الجديد"
"9,نزل"
"9,على"
"9,اليوتيوب"
"9,كامل"
"10,شخصيتك"
"10,عبارة"
"10,عن"
"10,ايموجيز"
"10,وربي"
"10,انتي"
"10,الي"
"10,تفشلين"
"10,والله"
"11,سنوات"
"11,والله"
"11,الايام"
"11,تركض"
"11,و"
"11,فعلا"
"11,كانت"
"11,حلقة"
"11,أسطورية"
"12,عنده"
"12,اختبار"
"12,رياضيات"
"12,وماقدر"
"12,يحفظ"
"12,المعادلات"
"12,البكيريه"
"13,وكيل"
"13,الشيطان"
"13,قطر"
"13,لماذا"
"13,الدوحه"
"13,و"
"13,في"
"13,عهد"
"13,تنظيم"
"13,الحمدين"
"13,دعمها"
"13,للمعاض"
"13,السعودي"
"13,الاماراتي"
"13,الموريتاني"
"13,الليبي"
"13,الصومالي"
"13,ا"
"14,ما"
"14,اسمح"
"14,يكون"
"14,في"
"14,احد"
"14,اقرب"
"14,لك"
"14,مني"
"14,وصعب"
"14,تفهميني"
"15,أم"
"15,چاسب"
"15,تگول"
"15,مايريدله"
"15,وحده"
"15,تهلهل"
"15,من"
"15,ينزل"
"15,الدروب"
"15,المگاريد"
"16,الله"
"16,لايحط"
"16,الاتحاديين"
"16,مكانك"
"16,بسم"
"16,الله"
"16,ع"
"16,اتحادنا"
"17,شتت"
"17,كيف"
"17,انسسى"
"17,جينيفر"
"17,لوبيزز"
"18,عارفين"
"18,ومتاكدين"
"18,انها"
"18,صح"
"18,لكن"
"18,بنعند"
"19,إلى"
"19,متى"
"19,و"
"19,المطر"
"19,يدش"
"19,لداخل"
"19,البيت"
"19,الناس"
"19,تستانس"
"19,في"
"19,المطر"
"19,إلا"
"19,احنا"
"19,نضايق"
"19,لان"
"19,يعفس"
"19,البيت"
"19,المطر"
"19,البحرين"
"20,الليله"
"20,الغالين"
"20,على"
"20,قلبي"
"21,احيانا"
"21,قلبك"
"21,يريد"
"21,العفو"
"21,عن"
"21,سجنا"
"21,الحق"
"21,العام"
"21,رمضان"
"21,يجمع"
"21,السجنا"
"21,باهلهم"
"21,احيانا"
"21,قلبك"
"21,يريد"
"21,قلب"
"21,ي"
"21,يريد"
"21,فرحه"
"21,تنس"
"22,حبيبها"
"22,يحبني"
"22,يوما"
"22,لاحقني"
"22,موتني"
"22,تعبني"
"22,شالبلوا"
"22,ياربي،"
"22,صاحبتي"
"22,و"
"22,احبها"
"22,ماريد"
"22,اعذبها"
"22,يخوفي"
"22,منتبها"
"22,قولولي"
"22,شذنبي"
"23,انا"
"23,عندي"
"23,مرض"
"23,القرحه"
"24,اقولك"
"24,نكته"
"24,بيقولك"
"24,مره"
"24,واحد"
"24,حب"
"24,متحبش"
"25,والله"
"25,الثلاثة"
"25,اتفه"
"25,من"
"25,بعض"
"25,العروس"
"25,كريهة"
"25,شو"
"25,يعني"
"25,لو"
"25,الام"
"25,ركبت"
"25,و"
"25,العريس"
"25,دراما"
"25,حبتين"
"25,طلقها"
"25,عشي"
"25,تافه"
"25,و"
"25,الام"
"25,نشبة"
"25,و"
"25,لزقة"
"26,اختي"
"26,راحت"
"26,للشاطي"
"26,وافطرت"
"26,وتقهوت"
"26,بهذا"
"26,الجو"
"26,حلو"
"26,ولافكرت"
"26,تاخذنيي"
"27,مو"
"27,مسلسل"
"27,اغنيه"
"28,في"
"28,فرق"
"28,بين"
"28,كئيبه"
"28,و"
"28,مكتئبه"
"28,افهموا"
"28,بقا"
"29,ي"
"29,شباب"
"29,اسم"
"29,مرة"
"29,برهان"
"29,نورا"
"29,فحيكون"
"29,شلتو"
"29,اماني"
"29,وجبتو"
"29,نورا"
"29,ودي"
"29,الحركات"
"29,المابندورا"
"29,للاحتياط"
"29,يعني"
"30,والله"
"30,الهلال"
"30,قاهرني"
"30,بس"
"30,يلا"
"30,مو"
"30,مشكله"
"30,نحط"
"30,الحره"
"30,في"
"30,الهدايا"
"31,مسلسل"
"31,ودك"
"31,يتكرر"
"31,برمضان"
"31,رمضان"
"31,صلاة"
"31,وعباده"
"32,الى"
"32,متى"
"32,التعامل"
"32,السئ"
"32,للخادمات"
"32,وعدم"
"32,احترامهم"
"32,وكأنهم"
"32,حشرات"
"32,والله"
"32,هالمواقف"
"32,تصير"
"32,بيننا"
"32,ونشوفها"
"32,المربية"
"32,جات"
"32,من"
"32,بيتها"
"32,مع"
"33,ومبروك"
"33,لك،"
"33,ارجع"
"33,ترى"
"33,فاقدينك"
"34,على"
"34,سبيل"
"34,التغير"
"34,لا"
"34,تغفر"
"34,لاي"
"34,شخص"
"34,يؤذيك"
"34,كالعادة"
"34,بل"
"34,اسكب"
"34,على"
"34,رؤؤسهم"
"34,القليل"
"34,من"
"34,الزيت"
"34,الساخن"
"34,لعله"
"34,يصل"
"34,الى"
"34,حبة"
"34,المخيخ"
"35,آخر"
"35,موظف"
"35,وظيفته"
"35,يجرب"
"35,اللعبة"
"35,وشكله"
"35,طفشاان"
"35,وش"
"35,رايك"
"35,بوظيفة"
"35,مثلها"
"35,؟"
"36,يا"
"36,اخوانا"
"36,و"
"36,الله"
"36,لسة"
"36,مطالبنا"
"36,ما"
"36,أتحقق"
"36,منها"
"36,غير"
"36,مطلب"
"36,واحد"
"36,عليكم"
"36,الله"
"36,الناس"
"36,ما"
"36,تتخاذل"
"37,أبحضنك"
"37,لو"
"37,كان"
"37,في"
"37,حضنك"
"37,الموت"
"37,حضنك"
"37,ولآحضن"
"37,الزمن"
"37,في"
"37,غيابك"
"38,انا"
"38,مبكرهش"
"38,فرحتهم"
"38,انا"
"38,بس"
"38,بكره"
"38,انها"
"38,تكون"
"38,بسبب"
"38,حد"
"38,تاني"
"39,تسكر"
"39,لي"
"39,عيونه"
"39,وعيونه"
"39,الليله"
"39,تجاوبني"
"39,قبل"
"39,اشوفه"
"39,واسأل"
"39,يا"
"39,اطهر"
"39,ذنب"
"39,احبه"
"39,ذنب"
"39,وادعيله"
"39,لنفس"
"39,احيان"
"39,ما"
"39,تتقارن"
"39,ب"
"40,مرارة"
"40,بتقهر"
"41,نلتقي"
"41,الليله"
"42,محمد"
"42,عبده"
"42,جلسه"
"42,الرياض"
"42,هل"
"42,أنت"
"42,ب"
"42,حاجه"
"42,إلى"
"42,رتويت"
"42,حقيقي"
"42,وبشكل"
"42,يومي"
"42,لتغريداتك؟"
"42,أكثر"
"42,من"
"42,رتويت"
"42,للتغريده"
"42,ا"
"43,عسى"
"43,هذا"
"43,متى"
"43,طلع"
"43,من"
"43,الشباب"
"43,توه"
"43,راجعلهم"
"44,هه"
"44,ابوي"
"44,وانا"
"44,مش"
"44,عارفه"
"45,شسالفته"
"45,خالد"
"45,نقا"
"45,العازمي"
"46,الاسطورة"
"46,محمد"
"46,صلاح"
"47,هذا"
"47,ٲنا"
"47,ٲغيب"
"47,ثيرا"
"47,و"
"47,أسأل"
"47,اشتاق"
"47,ولا"
"47,اخبر"
"47,بذلك"
"47,شخصيتي"
"47,لا"
"47,يفهم"
"47,احد"
"47,ول"
"47,ن"
"47,بين"
"47,اضلعي"
"48,أسلى"
"48,مع"
"48,طيفك"
"48,الين"
"48,إنتعشتك"
"48,عشان"
"48,مااحس"
"48,بغيابك"
"48,على"
"48,طول"
"48,ياجعلها"
"48,في"
"48,ذمتك"
"48,ماوحشتك"
"48,تصميمي"
"49,اول"
"49,فديو"
"49,ليا"
"49,ياريت"
"49,تشجعوني"
"49,بليز"
"49,وبالامر"
"49,لايك"
"49,للفديو"
"49,وسبسكريب"
"49,للقناه"
"49,زياده"
"49,متابغين"
"49,تويتر"
"49,اسهل"
"49,طريقه"
"49,وفعاله"
"49,جد"
"50,أنا"
"50,خلصت"
"50,من"
"50,الزهايمر"
"50,الأصلي"
"50,و"
"50,صلت"
"50,لمرحلة"
"50,الزهايمر"
"50,العكسي"
"50,اتذكر"
"50,اشياء"
"50,ما"
"50,صارت"
"50,اصلا"
"50,الله"
"50,يستر"
"50,بس"
"51,مسلسل"
"51,ودك"
"51,يتكرر"
"51,برمضان"
"51,رمضان"
"51,صلاة"
"51,وعباده"
"52,احتاج"
"52,بلس"
"52,ظروري"
"52,الفيفا"
"52,يرد"
"52,احتجاج"
"52,الهلال"
"52,صحيح"
"52,فيفا"
"52,بلس"
"52,بلس"
"52,١٤يوم"
"52,فزعه"
"53,لعب"
"53,فينا"
"53,البعوض"
"54,ما"
"54,اهتم"
"54,خلاص"
"55,كنت"
"55,بحبك"
"55,فى"
"55,الاول"
"55,وقابلتك"
"55,حبيتك"
"55,تانى"
"55,باخرة"
"55,البووح"
"55,بووح"
"55,السهارى"
"55,بحر"
"55,الاقدار"
"56,نصب"
"56,واحتيال"
"56,وسذاجة"
"56,وتفاهة"
"56,اولاد"
"56,الحرام"
"56,هذا"
"56,الشيخ"
"56,مسوي"
"56,دين"
"56,لحاله"
"56,اسمه"
"56,دين"
"56,التيوس"
"57,احبها"
"58,الكسلان"
"58,هو"
"58,نوع"
"58,من"
"58,الثدييات"
"58,الغريبة"
"58,المظهر"
"58,،"
"58,والتي"
"58,تتميز"
"58,بحركة"
"58,بطيئة"
"58,في"
"58,الأشجار"
"58,عادة"
"58,ما"
"58,ينام"
"58,حيوان"
"58,الكسلان"
"58,إل"
"59,بالله"
"59,العظيم"
"59,ثلاث"
"59,مرات"
"59,ان"
"59,وسيم"
"59,شحاده"
"59,يوم"
"59,كان"
"59,يسوي"
"59,محاضرات"
"59,في"
"59,مسجد"
"59,الشيخ"
"59,زايد"
"59,كان"
"59,يحضر"
"59,الحضور"
"59,عن"
"59,طريق"
"59,شخص"
"59,سود"
"60,بوتيا"
"60,يحصل"
"60,على"
"60,أفضل"
"60,تقييم"
"60,في"
"60,شوط"
"60,المباراة"
"60,الأول"
"61,يعز"
"61,عليك"
"61,شخص"
"61,ويهمك"
"61,أمره"
"61,أجمل"
"61,ما"
"61,تهديه"
"61,تدعو"
"61,له"
"61,اللهم"
"61,ألبسه"
"61,لباس"
"61,العافيه"
"61,واكفه"
"61,ما"
"61,أهمه"
"61,واسعد"
"61,قلبه"
"62,الفجر"
"62,ببسمته"
"62,كغريب"
"62,عاد"
"62,لبلدته"
"63,كان"
"63,الموضوع"
"63,ضد"
"63,النصر"
"63,راح"
"63,تشجع"
"63,الفريق"
"63,الثاني"
"63,شوفه"
"63,رده"
"63,وشوفوا"
"63,الصور"
"63,الثانيه"
"63,ولكم"
"63,الحكم"
"63,؟"
"63,رساله"
"63,له"
"64,يحط"
"64,ثلاث"
"64,بيتروس"
"64,ماغطوا"
"64,فيلانويفا"
"64,ماراح"
"64,يرحمكم"
"64,الاتي"
"65,طموحك"
"65,وارسمي"
"65,بخيالك"
"65,حلم"
"65,التخرج"
"65,وقولي"
"65,لنفسك"
"65,إنك"
"65,قوية"
"65,وراح"
"65,توصلي"
"65,للنجاح"
"65,وماراح"
"65,ترضين"
"65,غيره"
"65,استعيني"
"65,ب"
"66,وافتنن"
"66,فتنه"
"66,اللعنه"
"66,على"
"66,من"
"66,ايقظها"
"67,گلمتان"
"67,لا"
"67,تبعدان"
"67,عن"
"67,بعضهما"
"67,مهما"
"67,ابتعدنا"
"67,ف"
"67,من"
"67,لهم"
"67,في"
"67,قلوبنا"
"67,الود"
"67,نهديهم"
"67,الورد"
"67,صباح"
"67,الورد"
"68,طموحي"
"68,المعيوف"
"68,يالاهلي"
"68,تعلم"
"68,وروح"
"68,واليوم"
"68,بعينك"
"68,تشوف"
"68,الدوري"
"68,شاله"
"68,المعيوف"
"68,فالملعب"
"68,هنا"
"68,ندوس"
"68,حتى"
"68,ماتنسى"
"68,الدروس"
"68,والد"
"69,لوحة"
"69,حلم"
"69,نستيقظ"
"69,كل"
"69,يوم"
"69,لنرسمها"
"69,فما"
"69,أسعدنا"
"69,وما"
"69,أجملها"
"69,حين"
"69,نلونها"
"69,بالتفاؤل"
"69,والأمل"
"69,صباحكم"
"69,خير"
"69,صباح"
"70,العوض"
"70,؛"
"70,سيدنا"
"70,محمد"
"70,وهو"
"70,بيموت"
"70,قال"
"70,لبنته"
"70,عن"
"70,العوض"
"70,يا"
"70,فاطمة"
"70,لا"
"70,تبكي"
"70,يا"
"70,بنيه"
"70,قولي"
"70,إذا"
"70,أنا"
"70,مت"
"70,إنا"
"70,لله"
"70,و"
"71,صل"
"71,وسلم"
"71,على"
"71,نبينا"
"71,محمد"
"71,وعلى"
"71,آله"
"71,وصحبه"
"71,أجمعين"
"72,خواطر"
"72,صباحيه"
"72,إياك"
"72,وكسر"
"72,الخواطر"
"72,فانها"
"72,ليست"
"72,عظاما"
"72,تجبر"
"72,بل"
"72,ارواحا"
"72,تقهر"
"72,مرغمون"
"72,على"
"72,العيش"
"72,بواقع"
"72,لايتناسب"
"72,ومشاعر"
"73,لله"
"73,كانت"
"73,مباراه"
"73,صعبه"
"73,ولكن"
"73,بتوفيق"
"73,الله"
"73,ثم"
"73,دعمكم"
"73,تجاوزنا"
"73,المباراه"
"74,واذكر"
"74,ربك"
"74,إذا"
"74,نسيت"
"74,سبحان"
"74,الله"
"74,وبحمده"
"74,سبحان"
"74,الله"
"74,العظيم"
"74,استغفر"
"74,الله"
"74,العظيم"
"74,سبحان"
"74,الل"
"75,بما"
"75,يسمعون"
"75,و"
"75,يصدقون"
"75,المظاهر"
"75,قبل"
"75,نوايا"
"75,القلوب"
"75,يذمون"
"75,شخص"
"76,انا"
"76,اقول"
"76,لكم"
"76,القادم"
"76,يسركم"
"76,ما"
"76,رجعنا"
"76,علشان"
"76,نكنز"
"76,الفلوس"
"76,فداكم"
"76,وكلي"
"76,فداكم"
"77,المنطق"
"77,نفسه"
"78,لا"
"78,اعلم"
"78,بأي"
"78,ساعة"
"78,كتب"
"78,لي"
"78,انقباض"
"78,روحي"
"78,فيارب"
"78,خفف"
"78,علي"
"78,سكرات"
"78,الموت"
"78,واسكني"
"78,بجنتك"
"78,اللهم"
"78,اجعل"
"79,عراقي"
"79,يسال"
"79,برج"
"79,المراقبة"
"79,في"
"79,سلطنة"
"79,عمان"
"79,عن"
"79,نتيجة"
"79,برشلونه"
"79,و"
"79,يونايتد"
"79,شغف"
"80,دائما"
"80,في"
"80,الجوهرة"
"80,جمهور"
"80,الهلال"
"80,عالم"
"80,من"
"80,الوفاء"
"80,والإبداع"
"80,والخيال"
"80,ننتظركم"
"80,غدا"
"80,يا"
"80,زعماء"
"81,قلبك"
"81,يتعلق"
"81,باحد"
"81,لان"
"81,الاحد"
"81,دوام"
"81,صباح"
"81,الخير"
"81,منبر"
"81,فلسطين"
"82,بستنى"
"82,ب"
"82,ردي"
"82,علي"
"82,مش"
"82,قادر"
"82,اتنفس"
"83,اللى"
"83,يتكلم"
"83,عنك"
"83,حلو"
"83,فى"
"83,غيابك"
"84,أداري"
"84,خاطرك"
"84,ومن"
"84,الهبوب"
"84,أحنك"
"84,و"
"84,أحسن"
"84,النيه"
"84,و"
"84,أنا"
"84,ادري"
"84,خاطرك"
"84,يجفاني"
"85,باجمل"
"85,هزيمه"
"85,لعالميك"
"86,في"
"86,النرويج"
"86,لا"
"86,تصلها"
"86,الشمس"
"86,بتاتا"
"86,فكرو"
"86,سكانها"
"86,في"
"86,حل"
"86,لحالهم"
"86,وتوصلوا"
"86,الي"
"86,حل"
"86,غريب"
"86,قرروا"
"86,احضار"
"86,الشمس"
"86,الغائبة"
"87,الله"
"87,عالميه"
"87,ويمكن"
"87,خيره"
"87,ياعالمي"
"88,ريهام"
"89,يا"
"89,رب"
"89,كل"
"89,إللى"
"89,جاي"
"89,يكون"
"89,خير"
"89,خير"
"89,وبس"
"89,يا"
"89,رب"
"90,لطيف"
"90,آخر"
"90,نلتفت"
"90,عنه"
"90,إلى"
"90,حياة"
"90,وقد"
"90,وعدنا"
"90,الخلد"
"90,اللهم"
"90,قربنا"
"90,من"
"90,الصالحين"
"90,يقربونا"
"90,إليك"
"90,صباحك"
"90,صفاء"
"90,أستاذنا"
"91,رفع"
"91,نداء"
"91,الحق"
"91,في"
"91,مكبرات"
"91,الصوت"
"91,إزعاج"
"91,وتعد"
"91,على"
"91,الحريات"
"91,رفع"
"91,صوت"
"91,الموسيقى"
"91,في"
"91,الأماكن"
"92,شهر"
"92,بالضبط"
"92,جهزت"
"92,ايدي"
"92,جديد"
"92,استعدو"
"92,لنهوض"
"92,جديد"
"93,ندري"
"93,انه"
"93,صحيح"
"93,يالطواقي"
"93,وبعدين"
"94,يآ"
"94,هيه"
"94,في"
"94,ذمتي"
"94,ذمه"
"94,عليك"
"94,مآ"
"94,تنزل"
"94,دموعي"
"94,آلهمه"
"94,آلهمه"
"94,آلهمه"
"94,آصمل"
"94,وبصمل"
"94,بموضوعي"
"94,تقفي"
"94,وبقفي"
"94,عن"
"94,آليمه"
"94,آلطرد"
"95,وكأنك"
"95,مدينة"
"95,ورد"
"95,بعمق"
"95,قلبي"
"95,لا"
"95,تذبل"
"95,أبدا"
"95,كانك"
"95,حياة"
"95,تتورد"
"95,بي"
"95,عطوره"
"95,شوشو"
"96,في"
"96,محلها"
"96,لابد"
"96,ماتتكرر"
"96,في"
"96,المباراة"
"96,القادمة"
"96,شكر"
"96,احمد"
"96,الحربي"
"97,اذا"
"97,كنت"
"97,من"
"97,هالجيل"
"97,خنشوف"
"97,شكثرنا"
"98,الليلة"
"98,على"
"98,الايفون"
"98,رتويت"
"98,للمرفقة"
"98,وطبق"
"98,الشروط"
"99,اطقم"
"99,نسائي"
"99,بالاسم"
"99,ساعه"
"99,نسائية"
"99,ماركة"
"99,هاي"
"99,كلاس"
"99,بالاسم"
"99,ضمان"
"99,سنه"
"99,يشمل"
"99,مويه"
"99,مكينه"
"99,بطاريه"
"99,اسواره"
"99,مع"
"99,خات"
"100,زي"
"100,للي"
"100,متهاوشه"
"100,مع"
"100,زوجها"
"100,وجالسه"
"100,تمدح"
"100,اخوانها"
"100,وهي"
"100,منقهره"
"101,خبر"
"101,صاحب"
"101,السمو"
"101,الملكي"
"101,الأمير"
"101,تركي"
"101,بن"
"101,طلال"
"101,أمير"
"101,منطقة"
"101,عسير"
"101,يقوم"
"101,بزيارة"
"101,لتمرين"
"101,نادي"
"101,ضمك"
"101,الرياضي"
"101,بمحافظة"
"102,في"
"102,الجنة"
"102,سبحان"
"102,الله"
"102,العظيم"
"102,وبحمده"
"103,باحثا"
"103,عن"
"103,الجمال"
"103,ف"
"103,جمال"
"103,الجسم"
"103,يفنى"
"103,مثلما"
"103,تفنى"
"103,الزهور"
"103,و"
"103,جمال"
"103,النفس"
"103,يبقى"
"103,زاهرا"
"103,مر"
"103,الدهور"
"104,المحتاج"
"104,وش"
"104,انت"
"104,محتاج"
"104,ترى"
"104,السؤال"
"104,ب"
"104,هالمواقف"
"104,مذله"
"104,لاتكشف"
"104,المستور"
"104,وتزيده"
"104,احراج"
"104,اما"
"104,عطه"
"104,ولا"
"104,ترى"
"104,المعطي"
"104,الله"
"105,واحد"
"105,باع"
"105,القضية"
"105,و"
"105,عطى"
"105,بظهره"
"106,الوحيد"
"106,الذي"
"106,وصلوا"
"106,فيه"
"106,للعالمية"
"106,هو"
"106,المسيار"
"106,ترى"
"106,كانوا"
"106,يشجعون"
"106,ريال"
"106,مدريد"
"106,ضد"
"106,النصر"
"107,بكتب"
"107,شعر"
"107,في"
"107,مدح"
"107,رجال"
"107,بختار"
"107,أبيات"
"107,في"
"107,مدح"
"107,أهل"
"107,المكارم"
"107,هذا"
"107,البدر"
"107,على"
"107,الطيب"
"107,مثقال"
"107,يقدح"
"107,من"
"108,احبك"
